{
  "metadata": {
    "simulation_type": "Bangladesh Trade Dynamics with Future Projections",
    "simulation_years": [
      2021,
      2022,
      2023,
      2024,
      2025,
      2026,
      2027,
      2028,
      2029,
      2030
    ],
    "historical_years": [
      2023,
      2022,
      2021
    ],
    "projection_years": [
      2024,
      2025,
      2026,
      2027,
      2028,
      2029,
      2030
    ],
    "timestamp": "2025-04-15 20:08:15",
    "scenario": "pessimistic"
  },
  "yearly_data": {
    "2023": {
      "structural_transformation": {
        "export_diversity_hhi": 0.6938305357230182,
        "export_sectors": {
          "rmg": 38.0,
          "leather": 1.8,
          "jute": 1.2,
          "frozen_food": 0.7,
          "pharma": 0.16,
          "it_services": 1.3,
          "light_engineering": 0.5,
          "agro_processing": 0.8,
          "home_textiles": 1.0,
          "shipbuilding": 0.3
        },
        "value_chain_position": {
          "rmg": 0.26442239010321195,
          "leather": 0.3210044906030499,
          "jute": 0.4121975923086149,
          "frozen_food": 0.37345334923568996,
          "pharma": 0.4699856156616308,
          "it_services": 0.6199186677218844,
          "light_engineering": 0.4243311798456123,
          "agro_processing": 0.37313135119916974,
          "home_textiles": 0.3168063305233581,
          "shipbuilding": 0.5144161992100906
        },
        "capability_index": 0.3605990458460275,
        "industrial_policy_effectiveness": 0.4945515858093466
      }
    },
    "2022": {
      "structural_transformation": {
        "export_diversity_hhi": 0.6938305357230182,
        "export_sectors": {
          "rmg": 38.0,
          "leather": 1.8,
          "jute": 1.2,
          "frozen_food": 0.7,
          "pharma": 0.16,
          "it_services": 1.3,
          "light_engineering": 0.5,
          "agro_processing": 0.8,
          "home_textiles": 1.0,
          "shipbuilding": 0.3
        },
        "value_chain_position": {
          "rmg": 0.2792408873123456,
          "leather": 0.33598337605405554,
          "jute": 0.42825879077217566,
          "frozen_food": 0.38656845988245464,
          "pharma": 0.48753129352468616,
          "it_services": 0.6410781865887868,
          "light_engineering": 0.43901104450738,
          "agro_processing": 0.3953418730241796,
          "home_textiles": 0.33064746644631443,
          "shipbuilding": 0.530542662345594
        },
        "capability_index": 0.3793470559760112,
        "industrial_policy_effectiveness": 0.463301653895129
      }
    },
    "2021": {
      "structural_transformation": {
        "export_diversity_hhi": 0.6938305357230182,
        "export_sectors": {
          "rmg": 38.0,
          "leather": 1.8,
          "jute": 1.2,
          "frozen_food": 0.7,
          "pharma": 0.16,
          "it_services": 1.3,
          "light_engineering": 0.5,
          "agro_processing": 0.8,
          "home_textiles": 1.0,
          "shipbuilding": 0.3
        },
        "value_chain_position": {
          "rmg": 0.29201577685488606,
          "leather": 0.36075987725036224,
          "jute": 0.44763228782940856,
          "frozen_food": 0.4037113571263329,
          "pharma": 0.5068627367709257,
          "it_services": 0.6591979153327738,
          "light_engineering": 0.46453808849304534,
          "agro_processing": 0.41677349084991755,
          "home_textiles": 0.34669171708096014,
          "shipbuilding": 0.5489949906311994
        },
        "capability_index": 0.39279639430050406,
        "industrial_policy_effectiveness": 0.4206072959240539
      }
    },
    "2024": {
      "structural_transformation": {
        "export_diversity_hhi": 0.6903613830444031,
        "capability_index": 0.36420503630448775,
        "industrial_policy_effectiveness": 0.51,
        "export_sectors": {
          "rmg": 39.52,
          "leather": 1.872,
          "jute": 1.224,
          "frozen_food": 0.721,
          "pharma": 0.17920000000000003,
          "it_services": 1.4300000000000002,
          "light_engineering": 0.54,
          "agro_processing": 0.8480000000000001,
          "home_textiles": 1.03,
          "shipbuilding": 0.309
        },
        "total_exports": 47.673199999999994,
        "is_projected": true
      }
    },
    "2025": {
      "structural_transformation": {
        "export_diversity_hhi": 0.6834750282485352,
        "capability_index": 0.37152555753420796,
        "industrial_policy_effectiveness": 0.52,
        "export_sectors": {
          "rmg": 40.990144,
          "leather": 1.9416384,
          "jute": 1.2467663999999998,
          "frozen_food": 0.7411159,
          "pharma": 0.19919872000000002,
          "it_services": 1.56299,
          "light_engineering": 0.580176,
          "agro_processing": 0.8953184000000002,
          "home_textiles": 1.058737,
          "shipbuilding": 0.3176211
        },
        "total_exports": 49.533705919999996,
        "is_projected": true
      }
    },
    "2026": {
      "structural_transformation": {
        "export_diversity_hhi": 0.6732740780175474,
        "capability_index": 0.382783153453052,
        "industrial_policy_effectiveness": 0.53,
        "export_sectors": {
          "rmg": 42.408239021824,
          "leather": 2.0088113220864003,
          "jute": 1.2683329651872,
          "frozen_food": 0.7603456342573001,
          "pharma": 0.21987315675136002,
          "it_services": 1.6981730051000001,
          "light_engineering": 0.620319537792,
          "agro_processing": 0.9417800530496003,
          "home_textiles": 1.086208048939,
          "shipbuilding": 0.32586241468169996
        },
        "total_exports": 51.337945159668564,
        "is_projected": true
      }
    },
    "2027": {
      "structural_transformation": {
        "export_diversity_hhi": 0.6599092513526563,
        "capability_index": 0.3983256844436913,
        "industrial_policy_effectiveness": 0.54,
        "export_sectors": {
          "rmg": 43.772693578419094,
          "leather": 2.0734433800303784,
          "jute": 1.2887368151647816,
          "frozen_food": 0.7786933142573291,
          "pharma": 0.24109593828076645,
          "it_services": 1.8347667394863223,
          "light_engineering": 0.6602362067887808,
          "agro_processing": 0.9872316957374494,
          "home_textiles": 1.112419020367613,
          "shipbuilding": 0.33372570611028385
        },
        "total_exports": 53.083042394642796,
        "is_projected": true
      }
    },
    "2028": {
      "structural_transformation": {
        "export_diversity_hhi": 0.6435756745552681,
        "capability_index": 0.41864429756328086,
        "industrial_policy_effectiveness": 0.55,
        "export_sectors": {
          "rmg": 45.08246363499711,
          "leather": 2.135485119552495,
          "jute": 1.3080176584636818,
          "frozen_food": 0.7961684072244419,
          "pharma": 0.26273821442881806,
          "it_services": 1.9720168342217113,
          "light_engineering": 0.6997474885138306,
          "agro_processing": 1.031541734997376,
          "home_textiles": 1.1373834388920598,
          "shipbuilding": 0.3412150316676179
        },
        "total_exports": 54.76677756295914,
        "is_projected": true
      }
    },
    "2029": {
      "structural_transformation": {
        "export_diversity_hhi": 0.6245081422788469,
        "capability_index": 0.4443993577976238,
        "industrial_policy_effectiveness": 0.56,
        "export_sectors": {
          "rmg": 46.33699745940742,
          "leather": 2.194910405971931,
          "jute": 1.3262171119003257,
          "frozen_food": 0.8127849602517464,
          "pharma": 0.28467228482267143,
          "it_services": 2.1092077517848966,
          "light_engineering": 0.7386919836503073,
          "agro_processing": 1.0745996302464889,
          "home_textiles": 1.1611213717882092,
          "shipbuilding": 0.3483364115364627
        },